{"1": [0.1875, 0.38109756097560976, 0.11280487804878049, 0.15396341463414634, 0.16463414634146342], "2": [0.16666666666666666, 0.4546783625730994, 0.07163742690058479, 0.10818713450292397, 0.19883040935672514], "3": [0.3184498736310025, 0.22072451558550968, 0.15669755686604886, 0.16933445661331087, 0.13479359730412804], "4": [0.27393617021276595, 0.32092198581560283, 0.14184397163120568, 0.12677304964539007, 0.13652482269503546], "5": [0.29486023444544635, 0.24526600541027954, 0.151487826871055, 0.1740306582506763, 0.13435527502254282], "6": [0.36341161928306553, 0.17676143386897405, 0.18479604449938195, 0.19901112484548825, 0.07601977750309023], "7": [0.3264490339773484, 0.18321119253830778, 0.17455029980013326, 0.1938707528314457, 0.12191872085276483], "8": [0.33847231955150664, 0.18149964961457604, 0.18500350385423966, 0.18990889978976874, 0.1051156271899089], "9": [0.2884902840059791, 0.19357249626307924, 0.16517189835575485, 0.2242152466367713, 0.12855007473841554], "10": [0.31876606683804626, 0.2390745501285347, 0.16066838046272494, 0.17352185089974292, 0.10796915167095116], "11": [0.2429078014184397, 0.2322695035460993, 0.10638297872340426, 0.21099290780141844, 0.2074468085106383], "12": [0.2925851703406814, 0.24248496993987975, 0.14228456913827656, 0.20240480961923848, 0.12024048096192384], "13": [0.2088167053364269, 0.20417633410672853, 0.08816705336426914, 0.20185614849187936, 0.29698375870069604], "14": [0.2459349593495935, 0.266260162601626, 0.12195121951219512, 0.1910569105691057, 0.17479674796747968], "15": [0.36, 0.1552, 0.1776, 0.2112, 0.096], "16": [0.34914463452566097, 0.171850699844479, 0.1827371695178849, 0.22317262830482115, 0.07309486780715396], "17": [0.36657303370786515, 0.20154494382022473, 0.15730337078651685, 0.1818820224719101, 0.09269662921348315], "18": [0.24715447154471545, 0.1951219512195122, 0.13495934959349593, 0.17073170731707318, 0.25203252032520324], "19": [0.17176470588235293, 0.12705882352941175, 0.10588235294117647, 0.11058823529411765, 0.48470588235294115], "20": [0.37124463519313305, 0.16452074391988555, 0.18955650929899856, 0.17453505007153075, 0.10014306151645208], "21": [0.29535864978902954, 0.23136427566807313, 0.1617440225035162, 0.20182841068917018, 0.10970464135021098], "22": [0.3056092843326886, 0.2011605415860735, 0.16827852998065765, 0.17988394584139264, 0.1450676982591876], "23": [0.25, 0.1968503937007874, 0.11614173228346457, 0.17125984251968504, 0.265748031496063], "24": [0.36564171122994654, 0.1751336898395722, 0.17914438502673796, 0.19585561497326204, 0.08422459893048129], "25": [0.23346303501945526, 0.32944228274967574, 0.13359273670557717, 0.17509727626459143, 0.12840466926070038], "26": [0.2416, 0.2624, 0.1536, 0.208, 0.1344], "27": [0.24854819976771197, 0.3501742160278746, 0.13879210220673635, 0.1713124274099884, 0.09117305458768873], "28": [0.38465753424657534, 0.18465753424657536, 0.1632876712328767, 0.18356164383561643, 0.08383561643835616], "29": [0.3353658536585366, 0.1994773519163763, 0.1445993031358885, 0.18466898954703834, 0.13588850174216027], "30": [0.26695842450765866, 0.25601750547045954, 0.12910284463894967, 0.175054704595186, 0.17286652078774617], "31": [0.2140077821011673, 0.29377431906614787, 0.1303501945525292, 0.20233463035019456, 0.15953307392996108], "32": [0.11518324607329843, 0.41012216404886565, 0.09598603839441536, 0.18673647469458987, 0.19197207678883071], "33": [0.22062350119904076, 0.2829736211031175, 0.11990407673860912, 0.19184652278177458, 0.18465227817745802], "34": [0.29820261437908496, 0.18709150326797386, 0.1511437908496732, 0.2181372549019608, 0.1454248366013072], "35": [0.2624521072796935, 0.29693486590038315, 0.10919540229885058, 0.16475095785440613, 0.16666666666666666], "36": [0.2899628252788104, 0.23605947955390336, 0.09479553903345725, 0.16356877323420074, 0.21561338289962825], "37": [0.33672603901611536, 0.18575063613231552, 0.15860899067005937, 0.18575063613231552, 0.13316369804919423], "38": [0.2366255144032922, 0.25308641975308643, 0.10082304526748971, 0.1440329218106996, 0.2654320987654321], "39": [0.15486725663716813, 0.32079646017699115, 0.07964601769911504, 0.1570796460176991, 0.28761061946902655], "40": [0.2267536704730832, 0.3278955954323002, 0.09787928221859707, 0.14192495921696574, 0.20554649265905384], "41": [0.17731629392971246, 0.2507987220447284, 0.09904153354632587, 0.09105431309904154, 0.3817891373801917], "42": [0.22301644031451037, 0.3888491779842745, 0.10507505360972123, 0.091493924231594, 0.19156540385989992], "43": [0.0967032967032967, 0.3934065934065934, 0.05934065934065934, 0.12527472527472527, 0.3252747252747253], "44": [0.16996699669966997, 0.4273927392739274, 0.052805280528052806, 0.11386138613861387, 0.23597359735973597], "45": [0.21042830540037244, 0.2271880819366853, 0.1378026070763501, 0.1564245810055866, 0.2681564245810056], "46": [0.24483306836248012, 0.3370429252782194, 0.1287758346581876, 0.09538950715421304, 0.19395866454689983], "47": [0.12678936605316973, 0.3946830265848671, 0.1083844580777096, 0.1411042944785276, 0.22903885480572597], "48": [0.21489001692047377, 0.36717428087986465, 0.1065989847715736, 0.1116751269035533, 0.1996615905245347], "49": [0.292817679558011, 0.3011049723756906, 0.10497237569060773, 0.17541436464088397, 0.12569060773480664], "50": [0.23674242424242425, 0.3428030303030303, 0.09090909090909091, 0.16856060606060605, 0.16098484848484848]}